{
  "items": [
    {
      "id": "Sheet1-1",
      "category": "Sheet1",
      "contact_number": "666",
      "contact_image": "contact_image-1759707278009-886689457.png",
      "tool_part_number": "666",
      "tool_image": "tool_image-1759707278022-242881641.jpg",
      "comments": ""
    },
    {
      "category_select": "__NEW__",
      "new_category_name": "vpc",
      "contact_number": "999",
      "tool_part_number": "999",
      "comments": "efwrq",
      "category": "vpc",
      "contact_image": "contact_image-1759706896223-501723685.png",
      "tool_image": "tool_image-1759706896234-899113321.jpg",
      "id": "vpc-1759706896236"
    }
  ]
}