{
  "items": [
    {
      "category_select": "__NEW__",
      "new_category_name": "VPC",
      "contact_number": "555",
      "tool_part_number": "555",
      "comments": "<br>",
      "category": "VPC",
      "version": "53",
      "contact_image": "contact_image-1760244598189-610473495.png",
      "tool_image": "tool_image-1760244598202-624658557.jpg",
      "id": "VPC-1760244598207",
      "dado_number": "",
      "dado_image": null,
      "delete_dado_image": "true",
      "delete_contact_image": "true"
    },
    {
      "category_select": "VPC",
      "contact_number": "666-1",
      "tool_part_number": "666-1",
      "comments": "Prueba 2",
      "category": "Molex",
      "version": "7",
      "contact_image": "contact_image-1760245166126-745265494.jpg",
      "tool_image": "tool_image-1760244638475-565221608.jpg",
      "id": "VPC-1760244638478"
    },
    {
      "category_select": "__NEW__",
      "new_category_name": "Molex",
      "contact_number": "777",
      "tool_part_number": "777",
      "comments": "Prueba 3",
      "category": "Molex",
      "version": "36",
      "contact_image": "contact_image-1760298475824-792380281.jpg",
      "tool_image": "tool_image-1760246113065-616117339.jpg",
      "id": "Molex-1760246113067"
    },
    {
      "contact_number": "'lk;",
      "tool_part_number": "lm",
      "dado_number": "'lkn'lkn",
      "comments": "",
      "category": "VPC",
      "version": "49",
      "contact_image": "contact_image-1760499877360-600890781.png",
      "tool_image": "tool_image-1760499877365-517200496.jpeg",
      "dado_image": "dado_image-1760499877373-906439180.png",
      "id": "VPC-1760499877378"
    },
    {
      "contact_number": ".m ",
      "tool_part_number": ".m ",
      "dado_number": "m ",
      "comments": "<img src=\"http://localhost:3001/uploads/image-1761541172091-944668318.png\" style=\"max-width: 200px;\">",
      "category": "VPC",
      "version": "54",
      "contact_image": "contact_image-1761541201607-698351447.png",
      "tool_image": "tool_image-1761541201626-153687166.png",
      "dado_image": "dado_image-1761541201639-327302429.png",
      "id": "VPC-1761541201658"
    }
  ],
  "version": 55
}