{
  "items": [
    {
      "category_select": "__NEW__",
      "new_category_name": "VPC",
      "contact_number": "555",
      "tool_part_number": "555",
      "comments": "Prueba 1",
      "category": "VPC",
      "version": "0",
      "contact_image": "contact_image-1760244598189-610473495.png",
      "tool_image": "tool_image-1760244598202-624658557.jpg",
      "id": "VPC-1760244598207"
    },
    {
      "category_select": "VPC",
      "contact_number": "666-1",
      "tool_part_number": "666-1",
      "comments": "Prueba 2",
      "category": "Molex",
      "version": "7",
      "contact_image": "contact_image-1760245166126-745265494.jpg",
      "tool_image": "tool_image-1760244638475-565221608.jpg",
      "id": "VPC-1760244638478"
    },
    {
      "category_select": "__NEW__",
      "new_category_name": "Molex",
      "contact_number": "777",
      "tool_part_number": "777",
      "comments": "Prueba 3",
      "category": "Molex",
      "version": "36",
      "contact_image": "contact_image-1760298475824-792380281.jpg",
      "tool_image": "tool_image-1760246113065-616117339.jpg",
      "id": "Molex-1760246113067"
    }
  ],
  "version": 37
}