{
  "hash": "152dc71c",
  "configHash": "2eced8bd",
  "lockfileHash": "4dfa7a28",
  "browserHash": "31805421",
  "optimized": {
    "react": {
      "src": "../../react/index.js",
      "file": "react.js",
      "fileHash": "c512190c",
      "needsInterop": true
    },
    "react-dom": {
      "src": "../../react-dom/index.js",
      "file": "react-dom.js",
      "fileHash": "bccbc0af",
      "needsInterop": true
    },
    "react/jsx-dev-runtime": {
      "src": "../../react/jsx-dev-runtime.js",
      "file": "react_jsx-dev-runtime.js",
      "fileHash": "a5a10324",
      "needsInterop": true
    },
    "react/jsx-runtime": {
      "src": "../../react/jsx-runtime.js",
      "file": "react_jsx-runtime.js",
      "fileHash": "ad31cd82",
      "needsInterop": true
    },
    "react-dom/client": {
      "src": "../../react-dom/client.js",
      "file": "react-dom_client.js",
      "fileHash": "f6d61334",
      "needsInterop": true
    },
    "react-dropzone": {
      "src": "../../react-dropzone/dist/es/index.js",
      "file": "react-dropzone.js",
      "fileHash": "ffdb6d20",
      "needsInterop": false
    },
    "react-router-dom": {
      "src": "../../react-router-dom/dist/index.mjs",
      "file": "react-router-dom.js",
      "fileHash": "a56524cc",
      "needsInterop": false
    }
  },
  "chunks": {
    "chunk-ZEJDETLQ": {
      "file": "chunk-ZEJDETLQ.js"
    },
    "chunk-AQI5YXZE": {
      "file": "chunk-AQI5YXZE.js"
    }
  }
}